date,PSCI,PSCT,PSCM,PSCU,RSPG,RSPF,MITK,NXT,PATK,PECO,PUBM,STEP,ENSG,MODG,WINA,AGCO,BMI,SKY,CVLT,EHC,INMD,PSR,KBWR,PSCC,PSCH
2025-01-02,134.2,47.71,72.682,59.3532,77.6771,72.24,10.88,39.5,82.13,36.95,14.83,58.69,132.87,9.0,390.04,91.31,211.68,85.98,152.11,91.85,16.96,89.4701,59.03,38.0671,44.53
2025-01-03,136.28,48.69,73.2198,59.6949,78.55,72.6914,10.84,39.63,83.4,37.49,15.33,60.34,132.5,9.38,388.68,92.3,213.38,90.43,158.56,91.18,17.01,90.6261,59.99,38.16,45.21
2025-01-06,136.0362,49.21,73.52,59.0896,78.25,72.3673,10.82,40.71,83.93,36.69,15.33,60.66,130.06,9.05,385.85,91.15,213.44,88.84,160.68,91.21,17.12,89.1868,59.88,37.46,45.4
2025-01-07,134.8284,48.79,72.5455,58.6509,79.06,72.1511,10.73,43.92,82.82,36.45,14.84,58.98,130.84,8.92,385.96,91.63,211.87,85.72,153.05,91.57,17.4,88.563,59.36,37.3112,45.89
2025-01-08,135.3073,48.55,72.3403,58.42,79.49,72.4103,10.79,42.53,83.47,36.6,14.74,60.69,133.18,8.64,386.02,90.23,214.57,87.05,157.8,92.84,16.01,88.7783,59.4083,37.41,46.2
2025-01-10,133.62,47.46,70.66,57.17,79.84,70.55,10.31,41.1,83.34,35.56,14.095,57.9,130.95,8.44,374.31,90.85,207.64,86.01,153.98,91.05,15.9,86.5686,57.5447,36.37,45.05
2025-01-13,134.59,47.08,72.1837,57.2307,81.71,71.0423,10.15,40.85,83.45,35.65,13.9,57.29,132.34,8.31,382.65,97.09,206.71,87.19,156.11,92.56,15.97,87.6336,58.43,36.6903,44.71
2025-01-14,137.26,47.64,73.32,57.8326,82.73,72.0858,10.21,42.35,85.73,35.84,14.0,58.6,133.5,8.14,385.2,97.31,209.78,90.35,160.46,93.06,16.07,88.3995,60.4878,36.9186,44.63
2025-01-15,139.59,48.73,74.3326,58.8056,84.12,73.7103,10.15,42.73,90.02,35.46,14.4,60.24,134.58,8.13,386.9,97.36,213.81,92.82,161.42,93.61,16.54,88.2755,61.89,37.02,45.25
2025-01-16,139.71,48.74,74.51,59.5173,84.96,74.1121,9.97,45.27,92.21,35.93,14.41,61.08,136.33,8.09,388.59,100.0,213.96,92.2,161.71,94.41,16.57,90.14,61.3275,37.25,45.37
2025-01-17,140.49,49.47,74.98,59.9794,85.32,74.5999,10.08,44.19,92.72,35.79,14.52,61.57,136.79,8.06,392.4,101.69,215.17,90.61,161.28,94.74,16.79,90.2128,62.07,37.52,45.45
2025-01-21,143.37,50.4,76.21,60.1782,84.85,74.9641,10.01,42.48,95.07,36.41,14.83,63.55,139.33,8.58,396.66,103.13,219.41,90.91,164.01,95.79,16.96,91.6584,63.13,38.0,46.64
2025-01-22,142.4341,49.79,75.4046,59.1791,83.4,74.705,9.8,41.2,94.37,35.81,14.73,63.7,136.81,8.38,383.77,103.31,218.48,89.68,162.8,94.51,17.07,89.9558,62.2,37.5236,46.57
2025-01-23,142.6537,49.86,76.1553,59.64,83.84,74.865,10.02,41.89,95.32,36.3,15.13,64.21,137.59,8.08,396.22,105.11,219.02,90.17,160.94,95.27,17.26,90.6079,61.95,37.62,47.07
2025-01-24,142.0539,49.43,75.7278,59.6573,82.99,75.0962,10.16,41.0,94.59,36.62,14.97,64.41,138.65,8.02,391.7,104.98,210.43,88.91,159.88,95.65,17.25,91.0599,62.2158,37.6795,47.03
2025-01-27,140.03,47.43,75.08,59.48,81.14,76.041,10.17,39.63,97.5,37.3,15.21,62.42,140.78,8.06,387.72,106.69,207.61,91.32,158.3,96.35,17.09,92.1804,62.9882,38.58,47.44
2025-01-28,139.44,47.84,75.19,59.74,80.63,75.9707,10.37,39.62,96.01,36.93,15.16,64.29,140.37,8.2,385.99,105.0,207.41,90.43,160.05,96.78,17.22,91.0633,62.97,38.02,47.77
2025-01-29,139.0134,47.69,75.4928,59.2992,80.74,75.7292,10.3,49.24,94.47,36.29,15.57,63.97,140.58,7.98,389.0,103.87,208.51,88.95,146.82,95.57,17.41,89.8236,62.7577,38.05,47.53
2025-01-30,140.3639,48.17,75.2454,59.5372,81.12,77.6058,10.28,50.63,97.92,36.71,15.33,64.72,142.8,8.16,393.0,106.38,208.58,91.6,157.9,98.41,17.27,90.9213,63.11,38.2691,47.97
2025-01-31,139.4752,48.23,74.54,59.18,79.0612,76.8601,10.2,50.42,97.14,36.33,15.12,64.08,139.66,7.86,389.59,104.43,213.91,92.33,159.26,99.27,17.21,90.8021,63.175,37.53,47.62
2025-02-03,137.17,47.42,73.8401,58.8606,79.69,75.4447,10.17,48.6,95.73,36.2,15.07,63.05,142.42,7.79,378.12,100.75,215.7,91.7,159.31,100.58,16.67,90.6437,61.9227,37.235,47.03
2025-02-04,137.81,48.07,76.21,59.2985,81.18,75.14,10.11,49.75,96.59,36.34,15.54,62.84,145.37,8.04,380.72,103.5,216.8,92.75,167.28,101.16,17.5,90.6186,63.2376,37.2175,47.64
2025-02-05,138.9185,48.72,76.42,59.95,81.38,75.5647,10.37,46.89,97.69,36.86,15.58,64.82,148.86,8.09,383.84,103.31,221.51,105.27,171.01,102.2,17.96,91.8586,63.9356,37.18,48.14
2025-02-06,139.2093,48.0,76.0822,59.795,79.46,76.0362,10.38,47.61,95.01,36.61,15.84,63.96,135.91,8.0,382.71,98.09,215.91,105.83,172.54,98.6,18.25,92.3113,64.6636,37.4832,47.39
2025-02-07,138.22,47.26,74.95,59.51,79.32,75.7242,10.48,46.12,94.75,37.32,16.43,64.48,131.0,7.58,377.35,99.98,213.86,103.88,175.82,99.86,18.04,92.0508,63.97,36.99,46.96
2025-02-10,138.923,46.96,75.7925,59.6513,81.44,74.9942,11.02,45.94,93.41,36.82,16.57,61.81,129.23,7.3,387.61,97.41,215.5,105.44,179.31,98.63,18.54,91.9057,63.03,36.9358,47.03
2025-02-11,138.3389,46.13,75.7328,59.84,82.0,74.9389,10.16,45.12,93.64,37.12,16.66,59.94,129.08,7.59,387.48,96.23,216.65,105.67,178.54,99.4,18.58,92.5948,64.32,37.4681,46.54
2025-02-12,136.1097,45.72,74.2423,59.6631,79.98,74.256,10.4,45.31,93.15,37.02,17.14,59.83,126.12,7.25,378.7,97.48,214.73,105.03,178.55,98.03,18.89,92.0572,62.6628,37.2361,46.37
2025-02-13,136.5732,46.49,75.4837,60.48,80.61,74.8623,10.13,45.91,94.59,37.24,15.8,60.94,129.57,7.58,380.92,94.14,219.28,108.14,183.55,100.14,19.05,93.2335,62.9994,38.0351,47.89
2025-02-14,136.76,46.44,74.01,60.0226,81.15,74.8551,10.01,47.3,95.76,36.58,15.7,62.47,128.01,7.27,377.9,98.05,217.31,107.42,184.91,100.86,18.81,92.7651,62.8504,37.1215,47.94
2025-02-18,137.5132,46.86,74.7879,60.8374,82.3,75.4782,9.79,48.29,95.08,36.17,15.65,63.415,128.07,7.47,373.32,101.53,220.08,104.91,187.9,102.2,19.11,93.0257,63.3152,36.6319,47.9
2025-02-19,137.1746,46.91,73.76,59.9632,83.23,75.5072,9.45,48.61,94.97,35.79,15.13,63.07,127.12,7.35,367.69,102.82,220.34,103.67,186.02,101.58,19.395,92.9591,63.055,36.91,48.93
2025-02-20,135.44,46.62,73.14,59.3132,83.74,74.7408,9.23,48.42,93.0,35.38,14.79,60.73,127.47,7.23,352.03,101.74,218.17,103.5,184.88,99.89,18.97,93.56,62.1585,36.69,47.99
2025-02-21,131.2928,45.19,71.5005,58.2119,81.51,73.8011,9.31,46.12,90.18,35.25,14.52,58.59,126.34,7.01,338.43,98.92,210.25,100.06,170.61,97.53,18.9,92.9445,60.45,36.8317,45.66
2025-02-24,130.47,44.54,71.76,57.83,81.24,74.0479,9.91,46.7,91.13,35.48,14.64,58.06,129.09,6.7,332.38,96.52,206.21,100.2,169.81,98.88,19.12,93.1632,60.1226,36.91,45.63
2025-02-25,131.6682,43.99,72.8,57.75,79.85,74.0851,9.89,46.55,92.72,36.11,14.43,57.83,135.9,6.68,338.58,97.91,207.59,103.34,169.04,100.63,18.93,94.294,60.23,37.3,44.88
2025-02-26,131.78,44.26,72.3838,57.77,79.47,73.9078,9.87,47.42,90.89,36.01,14.39,59.09,132.87,6.8,337.2,96.92,208.22,103.01,171.85,99.22,19.31,93.7227,60.1557,36.54,44.77
2025-02-27,129.57,43.22,71.654,56.91,79.41,74.4597,9.38,45.02,89.62,36.31,13.97,58.24,132.66,6.52,331.59,97.41,208.04,100.87,168.63,100.34,18.57,94.398,60.3443,36.25,43.66
2025-02-28,130.47,43.58,72.18,57.78,80.87,75.6546,9.37,44.02,90.6,37.2,10.63,60.16,129.15,6.53,336.085,96.97,210.33,102.5,170.56,100.14,18.72,95.0267,60.9378,36.55,44.23
2025-03-03,126.6892,42.25,70.0102,57.3843,77.95,75.1345,9.11,42.41,90.06,37.23,10.3,58.76,129.87,6.21,324.2,90.79,209.7,99.96,164.21,99.79,18.89,95.84,60.2938,36.1236,42.89
2025-03-04,124.1576,42.1,68.9684,56.9149,77.18,72.69,9.07,43.09,87.44,36.54,10.62,56.01,129.52,6.09,320.07,88.82,209.68,98.38,164.94,98.45,18.82,94.75,58.38,35.67,42.9
2025-03-05,125.87,43.01,71.28,57.1541,76.17,73.3384,9.2,42.8,86.66,36.73,10.71,57.15,131.5,6.2,318.42,91.58,210.18,99.83,167.92,100.0,19.26,95.733,57.91,35.5508,43.3
2025-03-06,124.71,42.27,71.0215,56.8628,75.74,72.37,9.04,42.09,87.51,36.15,10.0,53.79,128.96,6.11,319.44,96.75,209.13,98.86,157.93,99.67,19.31,93.5486,57.31,35.78,42.55
2025-03-07,124.9654,43.08,70.9057,57.9862,77.09,72.2596,9.1,41.56,88.33,35.95,9.77,52.26,130.33,6.31,324.35,102.7,212.07,96.56,154.26,99.25,19.02,94.0725,57.08,36.57,43.05
2025-03-10,121.14,41.65,68.6845,56.92,77.12,70.59,8.83,41.71,87.77,35.51,9.7,47.81,130.3,5.98,312.54,102.62,209.36,95.35,148.48,99.11,19.35,93.1269,55.0215,36.375,42.38
2025-03-11,121.07,41.35,69.2878,57.09,76.94,70.0715,8.93,44.94,85.19,35.16,9.66,50.9,128.35,5.67,310.66,97.85,206.59,94.22,151.95,96.99,18.81,92.2133,54.56,35.94,42.35
2025-03-12,120.45,41.3,68.1732,56.6868,77.61,70.0743,8.94,44.32,85.34,34.92,9.92,52.23,125.66,6.14,308.43,94.38,197.61,94.06,153.43,94.28,18.16,91.7773,55.04,35.304,41.84
2025-03-13,118.55,40.45,67.42,55.9938,76.67,69.611,8.7,45.16,83.26,34.43,9.09,51.21,125.47,6.17,304.11,92.18,195.11,92.05,148.31,93.68,18.46,90.1533,54.6426,34.7207,41.0
2025-03-14,121.666,41.92,69.1765,56.9719,79.0,71.266,8.98,44.31,85.7,34.81,9.48,53.67,125.4,6.17,313.51,93.84,198.1,94.45,159.17,95.98,18.31,91.9519,56.1143,34.9508,41.84
2025-03-17,122.56,42.35,69.2459,57.77,80.48,72.09,9.12,45.9,84.6,35.13,9.68,54.64,129.82,6.37,315.2,95.29,199.74,93.36,160.56,97.75,18.35,93.4519,56.635,35.58,42.64
2025-03-18,121.15,42.15,69.15,57.3178,80.66,71.77,9.03,44.48,83.4,35.15,9.42,54.54,129.59,6.23,322.57,94.93,196.98,91.06,161.09,97.64,18.18,93.0197,56.565,35.0838,42.2
2025-03-19,123.27,42.74,69.37,57.96,81.95,72.42,9.11,45.17,85.37,35.14,9.52,55.85,130.79,6.48,323.91,95.34,201.99,95.44,165.39,99.36,18.65,93.0486,57.0963,34.91,42.9
2025-03-20,122.52,42.36,68.95,57.93,82.13,72.5182,9.06,44.97,84.51,35.26,9.73,55.2,129.59,6.61,322.42,94.47,196.63,94.94,162.21,99.16,18.43,92.94,56.5645,34.67,42.6
2025-03-21,121.33,41.83,67.92,57.75,81.32,72.1235,9.17,44.27,85.08,34.93,9.75,53.87,128.24,6.75,319.52,93.09,189.49,94.19,161.52,97.1,18.63,91.9735,56.504,34.35,42.7
2025-03-24,124.7653,43.22,68.92,58.07,82.13,73.1643,9.0,45.2,87.46,35.77,9.9,56.54,130.4,6.91,329.1,94.9,194.18,97.33,169.17,99.96,19.0,92.7165,57.59,34.76,43.57
2025-03-25,123.95,43.14,68.46,57.52,82.43,73.3699,9.01,45.21,87.14,35.65,10.45,57.16,130.01,6.83,324.18,95.01,195.75,97.87,173.99,100.87,18.42,91.5542,57.4336,34.4,42.93
2025-03-26,123.0,42.48,68.54,57.39,82.55,73.26,8.83,43.67,87.43,35.98,10.11,55.33,128.79,6.79,322.22,97.28,192.38,97.1,165.24,100.36,18.21,92.0426,57.3121,34.5587,42.4
2025-03-27,122.41,42.02,68.46,57.05,81.585,73.0138,8.87,42.75,86.9,35.69,9.95,53.96,128.44,6.9,322.01,98.86,193.2,96.6,165.28,101.14,18.3,91.7,56.79,35.13,42.34
2025-03-28,119.26,40.37,66.96,56.55,80.97,71.56,8.5,43.15,83.9,35.96,9.28,51.8,128.74,6.53,315.0,93.53,190.21,94.08,161.98,100.78,17.7,91.6745,55.7,34.83,41.81
2025-03-31,118.8,40.08,66.755,56.81,81.87,72.5299,8.25,42.14,84.56,36.49,9.14,52.23,129.4,6.59,317.87,92.57,190.25,94.76,157.76,101.28,17.74,92.53,56.16,35.06,43.28
2025-04-01,119.78,40.31,66.8,57.09,82.5,72.4918,8.34,43.05,85.11,36.86,9.29,53.89,130.45,6.3,319.1,92.82,192.67,92.61,162.94,101.28,18.1,92.6859,55.8247,35.24,42.24
2025-04-02,122.5,40.95,67.28,57.5256,82.88,73.3044,8.32,43.54,88.15,37.33,9.42,55.61,132.25,6.73,323.49,92.52,195.77,94.94,166.39,102.08,17.98,93.07,56.4379,35.36,42.79
2025-04-03,113.39,37.0,61.77,55.68,75.04,69.06,7.83,40.4,80.11,36.06,8.37,47.72,133.9,6.02,318.43,82.13,184.92,86.25,152.89,101.87,16.3,90.4295,50.945,34.65,41.27
2025-04-04,108.77,35.25,57.89,53.1003,67.67,64.3603,7.47,39.02,78.6,34.98,8.25,43.9,129.33,6.27,324.34,79.34,172.77,87.17,139.35,97.96,15.71,86.6235,48.9435,33.94,39.45
2025-04-07,107.47,35.19,57.38,51.94,67.34,63.8124,7.17,37.9,77.56,34.33,7.88,43.58,124.63,5.71,326.96,78.26,172.87,83.55,142.08,96.71,15.4,84.0999,48.86,33.37,39.13
2025-04-08,105.21,34.03,55.33,51.0444,65.43,63.2262,7.11,37.0,74.33,33.53,7.77,42.46,123.75,5.57,320.24,75.77,170.72,81.32,140.51,97.91,14.48,81.917,48.45,32.3,37.76
2025-04-09,115.34,38.39,60.86,54.0532,71.59,68.3,7.98,39.23,81.55,34.92,8.98,48.74,129.29,6.34,335.44,85.81,184.69,86.54,157.72,103.2,15.46,86.5745,52.25,33.9,40.25
2025-04-10,111.34,36.06,57.994,52.8866,66.86,65.9997,7.57,37.75,80.2,34.52,8.29,45.67,127.69,6.27,331.14,83.91,182.17,82.77,151.39,102.13,14.1,84.7825,48.764,33.55,38.68
2025-04-11,112.88,36.45,59.6,53.41,68.5,66.97,7.81,39.23,80.43,35.05,8.48,46.34,127.96,6.27,333.65,86.23,183.5,81.97,152.49,102.17,14.88,86.0936,48.98,34.33,39.34
2025-04-14,113.39,36.94,61.01,54.08,68.87,67.8239,7.84,40.73,81.15,35.5,8.38,47.18,129.94,6.32,327.95,85.84,183.28,82.62,153.53,103.26,15.08,87.7576,49.8,34.5474,40.09
2025-04-15,112.85,36.87,60.19,54.24,68.84,67.885,7.82,40.57,79.68,35.36,8.3,47.81,129.09,6.2,326.0,84.29,185.81,81.64,154.51,102.3,15.405,87.9657,50.7856,33.96,39.95
2025-04-16,111.53,36.16,59.94,53.5967,69.52,66.8992,7.78,39.72,79.23,35.54,8.14,46.77,128.18,6.15,333.8,80.28,183.9,80.51,151.06,103.0,14.91,88.0775,50.8074,33.45,39.06
2025-04-17,112.16,36.29,60.82,53.9916,71.12,67.1113,7.65,40.3,79.28,36.18,9.13,47.06,127.98,6.19,343.96,80.96,201.63,81.83,149.74,103.35,14.92,89.332,51.3107,34.02,39.27
2025-04-21,108.94,35.73,59.69,53.05,68.91,65.6383,7.68,39.28,78.02,35.29,9.37,45.02,119.93,6.38,351.41,79.91,199.82,79.3,143.05,96.12,14.8,87.5289,50.7,33.67,38.5
2025-04-22,111.28,36.76,61.41,53.98,70.64,67.7551,7.92,40.36,79.71,36.05,9.56,46.35,122.06,6.56,352.2,81.84,208.53,81.94,149.6,99.0,15.63,89.2131,52.5049,34.25,39.21
2025-04-23,113.21,37.52,61.41,54.16,70.61,68.5136,8.01,40.13,77.96,35.79,9.655,48.27,124.14,6.6,358.97,82.33,210.43,82.58,153.74,100.72,15.58,89.3318,53.5259,34.4297,39.87
2025-04-24,116.5261,38.88,63.64,54.7264,71.77,69.36,8.3,42.35,79.96,35.22,9.85,50.28,124.87,6.84,362.35,85.74,217.48,85.51,163.32,101.41,16.13,89.5268,54.2,34.3695,40.75
2025-04-25,116.35,39.37,63.19,54.68,71.7,68.7259,8.32,43.65,79.67,35.08,9.96,50.53,126.04,6.71,363.48,83.8,216.36,84.81,165.51,113.37,16.22,89.3239,53.64,34.25,40.88
2025-04-28,116.375,39.22,63.3,55.24,72.25,69.0733,8.37,43.2,78.77,35.01,9.96,50.23,127.07,6.79,364.27,85.23,215.78,84.23,165.96,115.32,14.26,89.9937,53.99,34.2776,41.14
2025-04-29,117.26,39.4177,63.82,55.6548,71.91,69.6574,8.52,43.07,78.52,34.95,10.03,50.22,128.12,6.73,366.33,85.23,217.29,86.5,168.73,115.91,14.42,90.3763,54.27,34.67,41.43
2025-04-30,116.63,39.309,63.72,55.17,69.99,69.55,8.28,40.61,76.98,34.7,9.77,50.01,128.99,6.61,360.01,84.83,220.82,86.5,167.13,116.99,14.1,91.165,53.8,34.78,41.26
2025-05-01,118.41,39.86,63.34,55.246,70.5,69.5804,8.1,41.87,81.58,34.96,9.88,51.54,128.11,6.66,362.21,93.4,224.22,87.21,166.02,115.94,14.7,91.2534,54.5072,34.51,40.74
2025-05-02,121.873,40.78,64.56,55.0347,71.87,71.183,8.24,42.2,82.83,35.55,9.8,54.6,132.32,6.85,360.23,95.18,229.64,89.32,172.55,116.64,14.57,92.2904,55.8,35.06,41.29
2025-05-05,121.1088,40.42,63.69,55.05,70.63,71.0763,8.42,41.12,82.92,35.41,9.74,53.6,131.78,6.81,368.48,95.9,228.59,88.16,174.0,116.31,14.25,92.0665,55.76,35.02,40.42
2025-05-06,120.33,40.08,64.24,55.18,70.21,70.7631,8.36,42.89,81.76,35.41,9.82,52.99,133.56,6.87,368.69,94.35,224.3,86.41,172.24,117.02,14.3,91.6599,55.0868,34.93,39.54
2025-05-07,119.58,40.38,63.51,55.47,70.19,71.0657,8.46,43.77,81.18,35.51,10.04,53.57,136.94,6.97,375.84,94.44,225.87,87.55,174.63,117.48,14.22,91.6623,54.96,34.22,39.77
2025-05-08,123.07,41.36,65.04,55.24,71.45,71.87,8.81,44.6,83.4,35.23,11.0,55.34,136.28,7.18,385.91,98.09,229.26,89.64,174.79,115.91,14.23,91.181,56.44,34.39,40.28
2025-05-09,122.58,41.68,64.2457,55.89,72.24,71.9052,9.74,46.54,82.78,35.61,11.09,54.78,136.68,7.34,389.01,99.34,230.88,89.68,170.6,116.41,14.45,91.6985,56.0,34.19,40.16
2025-05-12,127.98,43.75,66.52,55.99,74.4,73.5753,9.77,50.63,87.06,36.39,11.52,58.44,141.57,7.9,409.0,105.44,235.45,92.58,176.0,116.93,15.0,91.9567,58.57,34.68,41.29
2025-05-13,129.34,44.49,66.55,55.97,75.9,73.8568,9.69,54.09,89.81,35.69,11.58,59.25,143.56,6.55,412.61,105.99,247.46,92.82,181.33,117.61,14.92,90.8613,58.65,34.54,40.88
2025-05-14,128.21,44.11,65.9014,55.67,75.62,73.4835,9.6,55.04,86.6,35.31,11.71,59.56,144.79,6.58,416.65,104.71,241.59,90.23,179.71,119.27,14.57,90.1049,58.46,34.37,40.24
2025-05-15,128.66,43.97,66.0831,55.99,75.56,73.9538,9.65,61.59,86.98,35.89,11.55,58.75,147.04,6.62,429.63,105.71,244.18,91.11,182.04,119.77,14.71,91.6208,58.29,35.2455,40.665
2025-05-16,129.17,44.19,66.97,56.2094,75.51,74.4998,9.77,59.31,88.53,36.28,11.42,59.55,149.75,7.0,424.86,108.43,244.97,92.26,178.04,120.87,14.67,92.86,58.24,35.9162,41.515
2025-05-19,128.9,43.71,66.88,56.19,74.5718,74.5144,9.8,58.34,87.75,36.2,11.4,59.42,147.7,6.57,422.42,107.1,243.35,90.49,178.15,121.18,14.53,92.9396,58.02,35.82,41.46
2025-05-20,128.21,43.84,67.05,55.94,73.9609,74.0893,9.77,58.99,89.51,35.44,11.52,58.43,149.15,6.78,426.24,106.5,247.24,89.66,179.51,121.73,14.76,92.4768,57.78,36.01,41.5
2025-05-21,125.04,42.81,65.49,54.61,72.46,72.42,9.55,57.86,87.17,34.35,11.41,56.24,146.06,6.22,415.5,101.97,243.68,87.51,174.4,119.85,14.21,90.2627,56.03,35.1,40.31
2025-05-22,124.6187,42.8,65.34,54.4352,72.15,72.22,9.7,56.05,86.27,34.14,11.43,56.71,144.65,6.33,416.0,102.63,243.67,85.66,175.4,118.61,14.33,89.8722,56.0086,34.8655,40.1598
2025-05-23,123.83,42.01,64.8169,54.22,72.36,72.0343,9.45,56.05,86.1,33.94,11.29,58.72,144.55,6.25,417.11,100.48,243.46,84.26,174.43,118.9,14.23,89.8571,55.71,34.75,39.99
2025-05-27,127.96,43.3,66.7947,55.4989,73.04,73.3875,9.46,55.88,87.78,34.9,11.71,59.3,147.46,6.39,418.81,101.42,249.81,70.45,178.66,121.01,14.54,91.3442,56.9613,35.3527,40.64
2025-05-28,126.25,42.74,65.84,54.82,72.18,72.6425,9.21,55.61,86.84,34.8,12.13,60.26,146.31,6.2,422.27,101.98,245.77,65.62,176.8,119.52,14.39,91.1519,56.08,34.86,40.21
2025-05-29,126.42,42.76,65.96,54.83,72.6,73.0315,9.18,55.425,86.3,35.44,11.83,59.12,146.54,6.41,428.53,101.52,248.48,65.55,177.37,120.01,14.59,91.9344,56.4889,35.18,40.44
2025-05-30,126.3731,42.53,65.59,54.83,71.67,73.2165,9.39,56.69,85.86,35.46,11.7,57.85,147.26,6.34,424.82,97.98,248.22,65.4,183.15,120.9,14.66,92.1541,56.1847,35.39,40.43
2025-06-02,125.35,42.65,65.0,54.41,72.76,73.1837,9.42,55.29,82.61,35.95,11.88,58.05,148.05,5.96,429.04,98.46,251.74,63.5,186.98,120.85,14.35,92.1672,55.5,35.21,40.12
2025-06-03,127.96,43.9,66.2029,55.03,73.92,73.47,9.46,57.98,86.05,35.6,12.07,57.12,150.63,6.17,420.44,99.54,254.17,64.98,183.24,121.51,14.71,91.8127,56.34,35.12,40.71
2025-06-04,127.9741,44.14,67.2304,54.31,72.44,73.0913,9.77,56.92,86.85,35.61,12.16,56.56,151.41,6.53,421.03,99.74,249.06,65.64,182.15,121.27,14.73,91.9267,55.86,34.68,40.73
2025-06-05,128.13,43.8,67.23,54.35,72.41,72.8371,9.81,57.66,90.59,35.35,11.96,56.79,151.69,6.44,428.46,100.79,248.17,65.38,187.17,121.29,14.34,91.6764,55.69,34.53,40.84
2025-06-06,129.49,44.33,67.964,54.5667,73.76,73.9469,10.26,58.92,90.31,35.73,12.06,58.06,152.38,6.43,432.26,100.98,246.9,64.37,188.57,121.54,14.16,92.2996,57.07,34.8582,41.31
2025-06-09,130.46,45.3475,69.4925,55.1337,73.83,73.5437,10.34,59.02,91.07,36.07,12.11,58.04,149.795,7.39,416.72,103.1,247.83,65.05,190.99,120.3,14.56,92.3868,57.51,34.8088,41.6
2025-06-10,130.53,45.71,69.8807,55.75,75.03,73.4038,10.21,58.98,91.01,36.24,11.62,57.44,148.75,7.7,427.2,102.65,247.47,66.57,187.16,119.23,14.56,93.0474,57.97,34.5946,42.02
2025-06-11,129.69,45.2115,68.9935,55.4029,76.03,73.2737,10.1,60.15,90.64,35.75,11.54,57.21,149.46,7.81,424.33,102.39,245.33,65.5,188.29,119.41,14.285,92.4206,57.2172,34.05,41.63
2025-06-12,129.285,45.03,68.69,55.13,76.29,73.4227,10.01,59.42,93.03,35.72,11.19,56.38,151.24,7.9,429.31,100.92,244.63,64.77,186.09,120.18,14.05,92.7926,56.67,34.19,41.07
2025-06-13,126.97,43.95,67.1481,54.1488,77.9,72.0347,9.72,60.71,89.92,35.45,10.71,53.86,151.24,7.74,430.02,100.59,242.75,61.42,184.62,120.92,13.36,92.0023,55.5,33.5453,40.43
2025-06-16,127.71,44.87,68.52,54.57,77.38,72.9474,9.77,60.75,90.1,35.15,11.26,53.73,152.63,8.41,441.05,103.09,243.45,62.34,187.54,120.51,13.43,92.0228,55.35,33.88,40.53
2025-06-17,126.46,44.35,67.82,54.26,77.99,72.4768,9.77,59.78,88.08,35.08,11.1,52.67,153.85,8.4,444.04,101.99,242.56,60.33,188.0,119.19,13.37,92.0485,54.6,33.53,39.92
2025-06-18,126.8,44.51,68.01,54.68,77.32,72.8487,9.57,58.9,89.66,35.34,11.06,53.58,156.36,8.36,450.34,102.52,241.64,60.54,180.17,119.75,13.34,92.3716,55.13,33.49,39.81
2025-06-20,126.69,44.3,67.31,54.73,77.95,73.2805,9.46,57.62,89.07,35.4,11.02,53.04,153.54,8.31,444.29,102.23,243.58,60.38,170.45,119.18,13.28,92.3149,55.5474,33.39,39.57
2025-06-23,128.53,44.83,68.09,55.6,75.06,73.925,9.68,56.2,91.11,35.93,11.11,53.2,152.17,8.41,401.75,100.55,246.59,62.41,172.16,120.22,13.49,92.8563,56.2969,33.81,39.7
2025-06-24,130.1,45.8,68.4,55.96,74.61,74.7932,9.81,57.26,91.62,35.57,11.48,55.34,153.57,8.11,376.37,102.14,247.2,64.55,170.5,120.92,13.76,92.9774,57.0,33.83,40.39
2025-06-25,130.0,45.59,68.15,54.98,73.97,74.4421,9.72,57.56,89.91,34.48,11.33,54.88,152.52,7.88,381.86,100.49,242.39,61.7,173.42,120.67,14.21,90.6722,56.63,33.09,39.98
2025-06-26,132.6901,46.19,69.6329,55.48,75.21,75.1597,9.96,58.58,91.38,35.01,11.44,56.04,153.79,7.99,379.1,102.57,246.94,62.35,174.97,121.54,14.07,90.649,57.99,33.13,40.25
2025-06-27,133.77,46.01,69.31,55.52,74.8,75.4493,9.85,58.32,92.43,34.9,11.66,56.16,153.35,8.11,374.95,102.41,246.06,62.58,174.33,122.2,14.19,90.7453,57.79,33.18,40.13
2025-06-30,134.06,46.24,68.82,55.63,74.48,76.1137,9.9,54.37,92.27,35.03,12.44,55.5,154.26,8.05,377.61,103.16,244.95,62.61,174.33,122.63,14.44,91.3178,57.79,33.25,40.07
2025-07-01,135.18,46.37,70.51,56.49,75.08,76.63,10.18,57.52,95.3,35.18,12.46,55.47,150.79,8.67,386.1,108.01,240.58,66.11,172.53,120.42,14.83,91.8036,59.54,34.15,40.07
2025-07-02,136.94,47.2079,72.98,56.66,76.38,76.5909,10.23,61.04,99.11,35.07,12.67,56.61,148.905,9.23,374.12,110.55,240.33,67.51,170.49,118.88,15.21,92.1078,60.72,34.46,40.22
2025-07-03,138.0618,47.72,73.1003,57.119,76.35,77.619,10.35,66.31,98.45,35.21,12.82,57.01,150.18,9.08,374.38,109.7,242.62,66.91,174.55,119.04,15.16,92.3198,61.17,34.43,40.31
2025-07-07,136.39,46.78,71.64,56.23,75.46,76.6877,10.31,66.45,96.71,34.9,12.44,57.08,147.57,8.64,366.63,108.56,239.51,65.14,173.07,119.39,15.1,91.5399,60.58,33.98,39.31
2025-07-08,136.48,47.47,72.73,56.54,77.59,76.4199,10.3,63.94,98.49,34.35,12.55,58.18,145.83,8.74,363.85,109.76,237.96,65.76,172.81,118.13,15.36,91.472,61.11,34.06,40.0
2025-07-09,138.02,47.85,72.94,57.21,77.11,76.5833,10.16,63.92,99.77,34.57,13.58,59.54,146.71,8.83,364.8,109.95,239.82,66.85,176.16,117.75,15.23,91.4412,61.4,34.11,40.8
2025-07-10,139.45,47.86,75.76,57.6,77.58,77.1813,9.89,62.62,100.62,34.55,13.67,60.195,145.73,9.1,367.06,113.77,239.69,67.84,170.07,117.49,15.18,91.7586,61.81,34.61,41.02
2025-07-11,138.93,46.88,75.1,56.83,77.96,76.3796,9.56,61.7,99.58,34.59,12.99,59.77,143.98,8.86,369.82,110.86,239.01,66.59,165.05,118.43,14.71,91.6928,61.14,34.86,39.97
2025-07-14,138.86,46.74,74.64,57.36,77.07,76.8889,9.59,59.87,99.42,34.8,12.82,59.97,145.75,8.98,373.04,108.33,239.38,66.02,169.58,119.67,14.74,92.3547,61.75,34.97,40.26
2025-07-15,136.68,46.39,74.49,56.3293,75.48,75.3979,9.36,62.93,97.63,34.04,12.35,58.85,141.18,8.78,372.7,106.85,237.68,63.69,166.73,107.28,14.25,91.2038,59.63,34.37,39.17
2025-07-16,137.7977,46.8258,74.5046,56.5789,74.67,75.98,9.4,61.83,97.25,34.79,12.23,59.64,139.85,8.85,379.41,107.13,240.91,64.56,168.825,109.92,14.26,91.9833,59.9702,34.8861,39.3421
2025-07-17,140.6406,47.6266,75.9921,56.639,75.45,77.1051,9.52,60.48,97.25,35.01,12.81,63.24,138.85,9.4,381.85,107.72,245.81,64.91,170.85,110.36,14.1,92.0018,61.1074,35.4891,39.48
2025-07-18,139.2196,47.2895,75.6103,56.2307,75.61,77.1197,9.44,60.53,95.81,34.93,12.49,62.81,136.8,9.24,375.33,107.02,244.37,64.23,172.07,110.01,13.895,92.3371,61.325,35.0409,38.47
2025-07-21,138.1043,47.2881,75.2505,56.455,74.4,76.6971,9.44,61.53,95.88,34.68,12.79,61.26,137.32,9.27,375.57,106.41,245.22,64.01,168.73,110.0,13.96,92.5191,61.1197,34.8795,38.2871
2025-07-22,138.8193,46.9638,76.8306,57.06,74.81,77.3183,9.36,62.1,99.18,34.96,12.47,60.95,136.36,9.65,377.73,109.55,204.8,66.97,166.86,108.39,14.41,94.1317,61.2738,35.5341,38.7668
2025-07-23,141.2155,47.0078,77.3347,57.3809,75.96,77.5582,9.4,62.95,99.52,34.82,12.68,61.35,139.25,9.99,381.7,112.12,192.01,66.39,167.14,108.77,14.93,94.1496,61.1067,36.3594,39.4557
2025-07-24,140.3015,46.2037,75.7875,56.6764,76.43,77.52,9.37,63.41,97.58,34.76,12.45,61.11,137.77,9.7,380.33,110.51,189.82,64.54,165.97,107.13,14.53,93.8905,59.8421,35.1857,38.7567
2025-07-25,142.033,46.3536,76.5668,56.5744,76.18,78.1281,9.47,64.53,100.0,34.56,12.72,61.88,150.06,9.89,383.2,112.38,193.01,65.06,164.35,107.67,14.72,93.334,59.62,35.2488,39.04
2025-07-28,141.6805,46.6641,75.7755,56.35,77.164,77.4235,9.33,65.41,99.98,34.23,12.63,60.52,147.78,9.8,382.25,110.0,192.58,65.03,163.43,107.17,14.54,91.7376,59.555,34.9405,39.055
2025-07-29,141.2147,46.7706,74.7031,56.1228,77.86,77.1549,9.28,64.9,101.29,35.11,11.97,60.66,151.01,9.63,375.26,107.67,188.0,64.46,193.27,108.26,14.31,93.0829,59.255,35.0504,38.6412
2025-07-30,141.7396,46.7491,72.9323,56.0483,76.72,76.5721,9.05,58.88,101.1,34.42,12.16,60.69,150.38,9.3,383.05,106.64,191.3,61.54,193.37,109.96,13.9,91.7282,58.5277,35.12,38.7368
2025-07-31,140.7864,45.4137,72.4383,55.8443,76.3,76.2724,9.02,58.26,97.24,33.79,12.01,59.36,150.0,9.25,377.42,117.97,188.76,60.9,189.95,110.11,13.66,90.2652,57.7333,34.709,38.2045
2025-08-01,138.2009,44.2783,71.3516,54.4819,74.49,74.9328,8.8,56.57,98.04,33.53,11.12,56.8,151.75,8.12,370.74,113.61,181.3,64.84,179.73,108.53,13.74,90.2295,56.5888,34.4306,38.0142
2025-08-04,139.8491,45.4772,72.382,55.1484,74.74,76.017,9.07,56.305,100.35,33.71,11.67,58.08,154.94,8.58,382.36,114.3,185.86,65.47,186.5,109.5,14.07,90.8561,57.3266,34.9261,38.335
2025-08-05,141.9138,45.4002,74.2144,54.6554,74.82,75.6832,9.025,56.02,102.74,34.02,11.65,58.43,157.92,8.99,379.7,113.63,184.23,66.18,183.25,113.88,14.13,91.1507,57.67,34.6891,37.8633
2025-08-06,141.2705,45.7696,73.4361,54.5443,73.87,76.091,9.12,54.62,102.5,33.73,11.55,58.36,158.13,8.79,392.15,113.08,188.15,69.15,185.57,116.46,13.98,90.4419,57.245,35.1458,37.67
2025-08-07,141.0332,45.59,74.8462,53.8978,73.59,75.2567,9.13,55.72,101.13,33.63,11.18,57.45,159.26,9.56,393.64,111.76,188.82,67.5,185.77,116.51,14.37,90.91,56.67,34.783,37.7
2025-08-08,141.8211,45.9326,75.2788,53.5136,73.99,75.8302,9.935,56.21,100.37,33.04,10.93,58.47,160.63,8.6,386.9,109.6,188.17,65.9,183.53,117.58,14.11,90.0958,57.3405,34.6793,38.01
2025-08-11,141.4641,45.5086,74.7838,54.0353,73.435,75.6883,9.73,53.8,103.03,33.29,10.57,58.53,161.7,8.2,391.61,110.69,188.87,65.94,185.64,117.44,13.8,89.6223,57.22,34.3372,38.2052
2025-08-12,146.8697,47.1794,76.3206,54.86,73.905,76.5705,9.76,54.5,108.31,33.77,8.34,61.29,163.54,8.73,404.43,110.94,192.29,70.08,192.64,118.63,14.22,90.08,59.395,34.8746,39.27
2025-08-13,149.2777,48.0049,78.313,55.9172,74.74,77.406,10.07,55.29,114.07,34.07,8.485,62.38,166.27,9.68,414.77,115.34,193.09,74.38,191.44,119.13,14.65,90.9354,60.44,35.4858,40.35
2025-08-14,146.0343,47.2,77.5305,55.33,74.92,77.5149,10.05,53.99,112.51,33.92,8.28,62.23,166.0,9.88,428.54,111.38,191.08,73.5,183.35,119.65,14.28,90.1464,60.4388,34.8581,39.8384
2025-08-15,145.0603,46.611,76.8351,55.4409,74.64,76.7174,10.03,60.58,112.13,33.83,8.37,61.46,166.17,9.86,430.07,112.25,186.82,73.17,180.02,120.38,14.35,90.664,59.4458,34.5948,40.1023
2025-08-18,146.1556,47.0521,76.3725,55.5688,74.11,76.57,10.16,67.7,110.22,33.8,8.46,59.58,164.06,9.81,440.09,113.18,186.7,73.67,179.78,120.22,14.305,89.9563,59.7449,34.6204,40.02
2025-08-19,145.9921,46.392,76.2782,55.9618,74.13,76.7242,10.12,66.56,112.36,34.13,8.2,58.35,167.02,9.72,433.23,113.59,187.66,74.22,176.1,122.14,14.18,91.3978,59.7401,34.8659,40.16
2025-08-20,144.3531,46.02,75.8666,55.616,74.63,77.223,10.21,66.13,111.16,34.22,7.82,58.57,169.01,9.39,431.79,112.9,187.6,71.59,176.37,123.54,14.19,91.761,59.9318,34.9615,40.16
2025-08-21,144.3286,46.1795,75.8294,55.4092,74.99,76.9141,10.45,64.04,111.11,33.79,8.5,58.71,169.24,9.29,439.25,111.89,183.45,71.47,176.43,123.43,14.21,91.5666,59.651,34.8717,40.1821
2025-08-22,149.8834,48.2433,78.4561,56.958,76.88,78.39,10.55,68.77,116.04,34.845,9.07,61.71,172.44,9.76,448.8,116.75,189.29,76.09,181.04,122.83,14.81,92.9659,62.55,35.8772,41.4199
2025-08-25,148.9404,47.6282,78.451,56.4483,77.22,78.0665,10.01,67.59,114.99,34.5,8.5,61.46,169.96,9.68,457.5,115.11,185.07,74.98,177.45,122.19,14.57,92.43,62.2307,35.2342,40.6178
2025-08-26,149.7927,48.0488,77.9627,56.2893,77.065,78.2557,10.1,68.58,113.69,34.42,8.33,62.66,170.68,9.89,449.22,112.41,185.19,74.5,177.68,121.94,14.88,92.149,62.81,34.9775,40.6748
2025-08-27,149.9834,48.5335,78.4627,57.1462,77.97,78.5401,10.29,67.69,114.02,34.71,8.53,62.64,172.19,9.8,457.99,113.86,188.4,74.73,184.18,123.58,15.19,92.87,63.2791,35.2228,41.1041
2025-08-28,149.6996,49.0142,78.5316,56.6469,78.81,78.4525,10.17,68.11,112.47,34.86,8.76,62.87,172.6,9.76,461.9,113.14,186.49,74.93,187.74,123.45,14.92,92.5242,62.9947,34.8948,41.1175
2025-08-29,147.8595,48.434,78.4513,56.7617,79.11,78.4574,10.17,67.26,111.85,35.19,8.67,62.06,171.78,9.56,463.84,108.19,182.92,75.46,186.645,121.76,14.94,93.0428,62.94,34.944,41.3436
2025-09-02,146.8878,47.9034,76.8642,55.9523,79.31,77.7569,9.87,66.72,110.99,35.12,8.52,61.08,172.53,9.43,456.01,106.74,180.95,74.56,178.78,123.7,14.41,91.3767,62.63,34.9153,41.3836
2025-09-03,146.1209,47.9467,75.6559,56.0169,77.42,77.7845,9.72,66.8,111.94,35.46,8.4,60.035,171.65,9.2,463.86,107.94,181.76,76.85,179.06,123.63,14.51,91.4993,62.635,34.5983,41.3218
2025-09-04,148.6757,48.7898,76.1929,56.4324,78.33,78.61,9.66,68.85,114.06,36.03,8.31,61.65,173.0,9.12,479.69,109.69,183.25,78.84,177.15,124.48,14.41,92.14,63.394,34.8717,41.4092
2025-09-05,148.8224,49.2951,77.3711,56.4579,77.05,77.3829,9.81,70.12,113.56,36.15,8.37,60.9,173.99,9.23,479.66,111.02,182.83,78.4,178.97,125.58,14.98,93.0357,63.01,34.9835,41.7268
2025-09-08,148.0306,49.5106,77.2407,56.7358,76.56,77.5559,9.98,69.76,113.37,35.75,8.55,61.81,174.12,9.44,473.33,110.31,182.71,77.05,183.96,125.96,15.28,92.5452,62.8713,34.7906,41.3649
2025-09-09,145.8936,49.5512,76.1366,57.0842,76.7,77.6866,9.94,64.33,111.87,35.59,8.5,60.95,169.57,9.13,479.51,107.61,179.44,74.54,185.22,125.29,15.07,92.55,62.28,34.5924,41.2715
2025-09-10,146.7074,49.4816,75.5934,57.1225,78.35,77.3261,9.95,67.59,111.65,35.55,8.09,61.26,166.15,9.27,496.655,107.42,177.48,74.13,176.45,124.6,15.02,92.5369,62.3198,34.05,40.5666
2025-09-11,150.3125,50.772,77.7456,58.0946,78.29,78.6,10.46,67.5,113.81,35.96,8.52,63.47,168.95,9.67,513.96,109.18,181.29,76.23,180.94,126.8,15.34,93.9312,62.5408,34.7057,41.605
2025-09-12,147.9582,50.1223,77.1003,57.5545,77.74,78.336,10.24,66.7,110.37,35.6,8.22,61.94,167.99,9.55,488.95,109.0,177.8,74.7,175.96,126.05,14.83,93.5788,62.4752,34.3941,40.7619
2025-09-15,148.6314,50.9072,77.6377,57.382,77.18,77.6531,9.97,67.64,110.0,35.52,8.15,60.8,166.22,9.61,498.25,109.71,179.76,75.28,189.54,124.66,14.86,93.1691,61.7334,33.865,40.3914
2025-09-16,148.6454,51.3248,77.5121,56.8442,78.75,77.2438,9.76,66.85,107.5,35.4,8.42,61.1,164.34,9.61,507.31,111.15,177.25,77.97,189.67,123.81,14.96,92.6896,61.105,33.9444,40.6233
2025-09-17,147.5297,51.2165,77.4663,57.058,78.78,77.8327,9.9,68.71,106.12,35.11,8.63,60.13,165.94,9.16,501.22,109.3,172.67,76.44,189.44,124.28,14.93,92.6052,61.7138,33.9918,40.6055
2025-09-18,151.576,53.1897,79.4659,57.6933,78.73,78.2302,10.36,70.48,107.41,35.49,8.64,65.39,167.07,9.5,514.95,110.24,178.34,76.32,195.41,125.33,15.17,92.6214,63.3996,34.1558,41.8314
2025-09-19,149.781,52.929,78.4623,57.2453,77.49,78.2474,10.19,71.35,106.02,35.1,8.63,64.82,164.29,9.29,505.63,109.66,177.08,74.41,194.61,124.06,14.7,92.1993,62.5743,33.3863,41.1889
2025-09-22,150.9148,53.871,77.8297,57.5147,77.09,77.7934,10.28,73.14,105.38,34.99,8.7,66.9,166.82,9.22,505.9,109.46,177.23,74.0,193.72,126.04,15.01,91.9089,61.4644,32.7209,41.7064
2025-09-23,150.0207,53.5094,77.0468,57.2104,78.82,77.5788,10.23,70.56,105.66,34.77,8.36,67.35,166.76,9.1,499.79,109.67,175.43,74.65,191.79,126.77,14.94,92.4448,61.3978,32.3595,41.4738
2025-09-24,147.7677,52.4272,76.3836,56.8648,80.03,77.3965,10.19,72.76,104.06,34.26,8.44,65.23,170.32,9.18,490.08,107.26,172.32,74.2,183.72,125.82,14.95,91.4627,61.2652,32.3191,41.1872
2025-09-25,147.0005,51.5503,75.5015,56.8121,80.57,77.16,9.94,73.51,102.33,34.26,8.32,64.59,169.97,9.2,494.44,107.99,174.96,72.8,185.84,125.59,14.78,91.23,61.1587,32.0876,40.4535
